2026-09-11T21:18:02+0530	Anirudh-Nair-K4TWXC6H51.local	Grok Bot
2026-09-11T21:19:19+0530	MSI	Grok Bot
2026-09-11T21:51:54+0530	Anirudh-Nair-K4TWXC6H51.local	Grok Bot
2026-09-11T21:51:54+0530	MSI	chrome
2026-09-11T22:44:02+0530	MSI	chrome
2026-09-11T22:57:15+0530	MSI	chrome
2026-09-15T15:04:32+0530	Anirudh-Nair-K4TWXC6H51.local	Grok Bot
2026-09-15T15:14:06+0530	Anirudh-Nair-K4TWXC6H51.local	Grok Bot
2026-09-15T15:53:53+05:30	Anirudh-Nair-K4TWXC6H51.local	Dia
2026-09-15T16:18:45+05:30	Anirudh-Nair-K4TWXC6H51.local	Dia
2026-09-15T16:51:48+05:30	Anirudh-Nair-K4TWXC6H51.local	Grok Bot
2026-09-15T17:21:09+05:30	Anirudh-Nair-K4TWXC6H51.local	Grok Bot
2026-09-15T17:56:34+05:30	Anirudh-Nair-K4TWXC6H51.local	Dia
2026-09-15T20:26:35+05:30	Anirudh-Nair-K4TWXC6H51.local	Grok Bot
